<work-flow name="wf_import_order" dir="/example" desc="导入order数据"  mail-level="W_FAILED,W_KILLED"
           mail-receivers="492005267@qq.com">
    <start name="start" to="watch_log" />

    <action name="watch_log" retry-times="1" interval="1" timeout="500" host="127.0.0.1" desc = "监测日志文件">
        <file-watcher>
            <file dir="example/import_order">order.log</file>
            <size-warn-message enable="true" size-threshold="2MB"></size-warn-message>
        </file-watcher>
        <ok to="fork"/>
    </action>

    <fork name="fork">
         <path to="clean_log" />
         <path to="sleep" />
    </fork>


    <action name="clean_log" host="127.0.0.1" desc = "以perl方式来清洗日志">
        <script>
              <code>
                  <![CDATA[
            #!/usr/bin/perl
            $stime="${param:stime}";
            $file="./order.log";
            $result="/tmp/order.result";
            open(FH,'<',$file) or die("no such file");
            open(FR,'>',$result);
            while(<FH>){
            chomp $_;
            @cols = split(/-/,$_);
            $str = join(",",@cols);
            print FR $stime.",".$str."\n";
            }
            close FH;
            close FR;
                  ]]>
               </code>
               <attach-list>
                <file>example/import_order/order.log</file>
              </attach-list>
          </script>
          <ok to="join_node"/>
    </action>

    <action name="sleep" host="127.0.0.1" desc = "放缓过程">
        <script>
            <code>
                <![CDATA[
                for i in `seq 1 10`
                do sleep 2;echo $i
                done
                ]]>
            </code>
        </script>
        <ok to="join_node"/>
    </action>

    <join name="join_node" to="create_if_not_exist_table"/>

    <action name="create_if_not_exist_table" host="127.0.0.1" desc = "清洗日志">
        <sql type="MYSQL" jdbc-url="jdbc:mysql://localhost:3306/wf?useSSL=false" username="root" password="root">
              <![CDATA[
                create table if not exists example_order (
                  ds varchar(128),
                  orderid varchar(20),
                  username varchar(128),
                  status varchar(128)
                )]]>
        </sql>
        <ok to="import_2_mysql"/>
    </action>

    <action name="import_2_mysql" host="127.0.0.1" desc = "导入数据库">
        <transfer>
            <source type="LFS" path="/tmp/order.result" delimited=","></source>
            <target type="MYSQL" jdbc-url="jdbc:mysql://localhost:3306/wf?useSSL=false"
                    username="root" password="root" table="example_order">
                <pre-sql>delete from example_order where ds = '${param:stime}'</pre-sql>
            </target>
        </transfer>
        <ok to="data_monitor"/>
    </action>

    <action name="data_monitor" retry-times="2" interval="8" timeout="500" host="127.0.0.1" desc = "监测日志文件">
        <data-monitor category="mysql" source-name="example_order" is-saved="true" is-exceed-error="false" time-mark="${param:stime}">
            <source type="MYSQL" jdbc-url="jdbc:mysql://localhost:3306/wf?useSSL=false" username="root" password="root">
                select count(1) from example_order where ds = '${param:stime}'
            </source>
            <min-threshold type="NUM">6</min-threshold>
            <max-threshold type="MYSQL" jdbc-url="jdbc:mysql://localhost:3306/wf?useSSL=false" username="root" password="root">
                select count(1)+10 from example_order where ds = '${param:stime}'
            </max-threshold>
            <warn-msg>超出阈值，手动配置的信息，请处理好数据</warn-msg>
        </data-monitor>
        <ok to="end"/>
    </action>

    <end name="end"/>
</work-flow>
