<work-flow name="wf_import_item" dir="/example" desc="导入item数据" mail-level="W_FAILED,W_KILLED"
           mail-receivers="492005267@qq.com">

  <start name="start" to="watch_log" />

  <action name="watch_log" host="127.0.0.1" desc = "监测日志文件">
      <file-watcher>
          <file dir="example/import_item">item_*.log</file>
          <size-warn-message enable="true" size-threshold="2MB"></size-warn-message>
      </file-watcher>
      <ok to="fork"/>
  </action>

  <fork name="fork">
       <path to="clean" />
       <path to="sleep" />
  </fork>

  <action name="clean" host="127.0.0.1" desc = "清洗日志">
      <script>
          <code>
            stime="${param:stime}"
            cat ./item_1.log item_2.log | awk -v st="$stime" '{print st"---"$0}' > /tmp/item.result
          </code>
          <attach-list>
            <file>example/import_item/item_1.log</file>
            <file>example/import_item/item_2.log</file>
          </attach-list>
      </script>   
      <ok to="import"/>
  </action>

  <action name="import" host="127.0.0.1" desc = "导入数据库">
      <transfer>
          <source type="LFS" path="/tmp/item.result" delimited="---"></source>
          <target type="MYSQL" jdbc-url="jdbc:mysql://localhost:3306/wf?useSSL=false" 
                  username="root" password="root" table="example_item">
              <pre-sql>delete from example_item where ds = '${param:stime}'</pre-sql>
          </target>
      </transfer>  
      <ok to="join_node"/>
  </action>

  <action name="sleep" desc = "放慢过程">
      <script>
        <code><![CDATA[
              for i in `seq 1 10`
              do sleep 2;echo $i
              done
            ]]></code>
        </script>
      <ok to="join_node"/>
  </action>

  <join name="join_node" to="data_monitor"/>

  <action name="data_monitor" retry-times="2" interval="8" timeout="500" host="127.0.0.1" desc = "监测日志文件">
    <data-monitor category="mysql" source-name="example_item" is-saved="true" is-exceed-error="true" time-mark="${param:stime}">
        <source type="MYSQL" jdbc-url="jdbc:mysql://localhost:3306/wf?useSSL=false" username="root" password="root">
            select count(1) from example_item where ds = '${param:stime}'
        </source>
        <min-threshold type="NUM">2</min-threshold>
        <max-threshold type="MYSQL" jdbc-url="jdbc:mysql://localhost:3306/wf?useSSL=false" username="root" password="root">
            select count(1)+10 from example_item where ds = '${param:stime}'
        </max-threshold>
    </data-monitor>
    <ok to="end"/>
  </action>

  <end name="end"/>
</work-flow>
