<work-flow name="循环工作流"  creator="区广能" dir="/example" desc="测试循环" instance-limit="5">
        <start name="start" to="步骤1" />
        <action name="步骤1" desc="执行情况">
            <script>
                <code>
                <![CDATA[
                    n=${param:num}
                    rand=`expr $RANDOM % ${param:range}`
                    echo "随机数为$rand，开始sleep $rand 秒"
                    sleep $rand
                    if [ $n -ne $rand ]; then
                        echo "$rand != $n,出错退出" >&2
                        exit 1;
                    fi
                    echo "$rand = $n,成功退出"
                    exit 0
                    ]]>
                </code>
            </script>
            <ok to="end"/>
            <error to="步骤2"/>
        </action>
        <action name="步骤2" desc="等待2秒,循环">
            <script>
                <code>
                <![CDATA[
                    sleep 2
                    ]]>
                </code>
            </script>
            <ok to="步骤1"/>
        </action>
        <end name="end"/>
</work-flow>
