<work-flow name="wf_parall_sum"  dir="/example"
mail-level="W_FAILED,W_KILLED" mail-receivers="gzouguangneng@corp.netease.com" instance-limit="4" >
        <start name="start" to="clean" />
        <action name="clean">
            <script>
                <code>
                <![CDATA[
                    rm -f /tmp/num.txt
                    ]]>
                </code>
            </script>
            <ok to="fork"/>
        </action>
        
        <fork name="fork">
             <path to="a1" />
             <path to="a2" />
             <path to="a3" />
             <path to="a4" />
             <path to="a5" />
             <path to="a6" />
             <path to="a7" />
             <path to="a8" />
             <path to="a9" />
        </fork> 
        <action name="a1">
            <script>
                <code>
                <![CDATA[
                    #!/usr/bin/perl
                    open(FH, '>>', '/tmp/num.txt') or die;
                    my $i=0;
                    for(my $i=0;$i < 10; $i++){
                    sleep 2;
                    print FH $i."\n";
                    }
                    close FH;
                    print "a1写入成功\n";
                    ]]>
                </code>
            </script>
            <ok to="join_node"/>
        </action>
        <action name="a2">
            <script>
                <code>
                <![CDATA[
                    #!/usr/bin/perl
                    open(FH, '>>', '/tmp/num.txt') or die;
                    my $i=0;
                    for(my $i=0;$i < 20; $i++){
                    sleep 2;
                    print FH $i."\n";
                    }
                    close FH;
                    print "a2写入成功\n";
                    ]]>
                </code>
            </script>
            <ok to="join_node"/>
        </action>
        <action name="a3">
            <script>
                <code>
                <![CDATA[
                    #!/usr/bin/perl
                    open(FH, '>>', '/tmp/num.txt') or die;
                    my $i=0;
                    for(my $i=30;$i < 40; $i++){
                    sleep 2;
                    print FH $i."\n";
                    }
                    close FH;
                    print "a3写入成功\n";
                    ]]>
                </code>
            </script>
            <ok to="join_node"/>
        </action>
        <action name="a4">
            <script>
                <code>
                <![CDATA[
                    #!/usr/bin/perl
                    open(FH, '>>', '/tmp/num.txt') or die;
                    my $i=0;
                    for(my $i=40;$i < 50; $i++){
                    sleep 2;
                    print FH $i."\n";
                    }
                    close FH;
                    print "a4写入成功\n";
                    ]]>
                </code>
            </script>
            <ok to="join_node"/>
        </action>
        <action name="a5">
            <script>
                <code>
                <![CDATA[
                    #!/usr/bin/perl
                    open(FH, '>>', '/tmp/num.txt') or die;
                    my $i=0;
                    for(my $i=50;$i < 60; $i++){
                    sleep 2;
                    print FH $i."\n";
                    }
                    close FH;
                    print "a5写入成功\n";
                    ]]>
                </code>
            </script>
            <ok to="join_node"/>
        </action>
        <action name="a6">
            <script>
                <code>
                <![CDATA[
                    #!/usr/bin/perl
                    open(FH, '>>', '/tmp/num.txt') or die;
                    my $i=0;
                    for(my $i=60;$i < 70; $i++){
                    sleep 2;
                    print FH $i."\n";
                    }
                    close FH;
                    print "a6写入成功\n";
                    ]]>
                </code>
            </script>
            <ok to="join_node"/>
        </action>
        <action name="a7">
            <script>
                <code>
                <![CDATA[
                    #!/usr/bin/perl
                    open(FH, '>>', '/tmp/num.txt') or die;
                    my $i=0;
                    for(my $i=70;$i < 80; $i++){
                    sleep 2;
                    print FH $i."\n";
                    }
                    close FH;
                    print "a7写入成功\n";
                    ]]>
                </code>
            </script>
            <ok to="join_node"/>
        </action>
        <action name="a8">
            <script>
                <code>
                <![CDATA[
                    #!/usr/bin/perl
                    open(FH, '>>', '/tmp/num.txt') or die;
                    my $i=0;
                    for(my $i=80;$i < 90; $i++){
                    sleep 2;
                    print FH $i."\n";
                    }
                    close FH;
                    print "a8写入成功\n";
                    ]]>
                </code>
            </script>
            <ok to="join_node"/>
        </action>
        <action name="a9">
            <script>
                <code>
                <![CDATA[
                    #!/usr/bin/perl
                    open(FH, '>>', '/tmp/num.txt') or die;
                    my $i=0;
                    for(my $i=90;$i < 100; $i++){
                    sleep 2;
                    print FH $i."\n";
                    }
                    close FH;
                    print "a9写入成功\n";
                    ]]>
                </code>
            </script>
            <ok to="join_node"/>
        </action>
        <join name="join_node" to="sum"/>
        <action name="sum">
            <script>
                <code>
                <![CDATA[
                    cat /tmp/num.txt | awk '{s += $1} END{print "a10算出来的总数-----是："s}'
                    ]]>
                </code>
            </script>
            <ok to="data_monitor"/>
        </action>
        <action name="data_monitor" retry-times="2" interval="8" timeout="500" host="127.0.0.1" desc = "监测sum">
			<data-monitor category="log" source-name="parall-sum" is-saved="true" is-exceed-error="true" time-mark="${param:stadate}">
			    <source type="COMMAND">
			        <code>
			        wc -l /tmp/num.txt | awk '{print $1}'
			        </code>
			    </source>
			</data-monitor>
			<ok to="end"/>
		</action>
        
        <end name="end"/>
</work-flow>
