<work-flow name="wf_rm_tmp_file"  dir="/system" desc="">
        <start name="start" to="del_tmp_file" />
        <action name="del_tmp_file" desc="删除临时文件">
            <script>
                <content>
                <![CDATA[
                    limit_time=`date +%s`
                    ((limit_time=limit_time-${interval}))
                    for file_name in `ls -l tmp | grep ^- | cut -d ":" -f 2| cut -d " " -f 2`;do
                        ts=`stat -c %Y tmp/$file_name`
                        if [ $ts -lt $limit_time ];then
                            echo "删除文件：tmp/$file_name"
                            rm -f tmp/$file_name
                        fi
                    done
                    ]]>
                </content>
            </script>
            <ok to="end"/>
        </action>
        <end name="end"/>
</work-flow>
