<coordinator name="coor_join_order_and_item" start="2016-09-10 10:00:00" end="2017-09-10 10:00:00" 
    is-enabled="true" dir="/example"
    desc="依赖启动">    
    <trigger>
       <depend-list>
          <depend wf="wf_import_item" />
          <depend wf="wf_import_order" />
        </depend-list>
    </trigger>
    <workflow-list>
      <workflow path="wf_join_order_and_item"></workflow>
    </workflow-list>
    <param-list>
        <param name="stime" value="${time.today|yyyy-MM-dd hh:mm}"/>
        <param name="yestory" value="${time.yestoday|yyyy-MM-dd}"/>
        <param name="yestoday2" value="${time.today|yyyyMMdd|-1 day}"/>
        <param name="stadate" value="${time.today|yyyy-MM-dd hh}"/>
    </param-list>
</coordinator>
