<coordinator name="coor_join_order_and_item" is-enabled="false" dir="/example" desc="依赖启动">    
    <depend-list cron="*/30 * * * *">
        <workflow name="wf_import_item" />
        <workflow name="wf_import_order" />
    </depend-list>
    <trigger-list>
      <workflow name="wf_join_order_and_item"></workflow>
    </trigger-list>
    <param-list>
        <param name="stime" value="${time.today|yyyy-MM-dd hh:mm}"/>
        <param name="yestory" value="${time.yestoday|yyyy-MM-dd}"/>
        <param name="yestoday2" value="${time.today|yyyyMMdd|-1 day}"/>
        <param name="stadate" value="${time.today|yyyy-MM-dd hh}"/>
    </param-list>
</coordinator>
