<coordinator name="coor_import_item"  is-enabled="false" dir="/example" desc="每10分钟启动">    
    <depend-list cron="*/10 * * * *"></depend-list>
    <trigger-list>
      <workflow name="wf_import_item"></workflow>
    </trigger-list>
    <param-list>
        <param name="stime" value="${time.today|yyyy-MM-dd hh:mm}"/>
        <param name="yestory" value="${time.yestoday|yyyy-MM-dd}"/>
        <param name="yestoday2" value="${time.today|yyyyMMdd|-1 day}"/>
        <param name="stadate" value="param_content"/>
    </param-list>
</coordinator>
