<work-flow name="wf_join_order_and_item" dir="/example" desc="导入item数据">

	<start name="start" to="join_sql" />

	<action name="join_sql" retry-times="1" interval="1" timeout="500" host="127.0.0.1" desc = "join两个表">
		<script>
		    <content>
	           	<![CDATA[
	           	#!/bin/bash
	           	source /etc/profile
	           	mysql -uroot -proot -Dtest -e "drop table order_detail;"

			    mysql -uroot -proot -Dtest -e "
				create table order_detail as 
				select a.ds,a.orderid,username,status,goods_name 
				from t_order a join t_item b 
				on a.ds = b.ds and a.orderid = b.orderid;"
	           	]]>
           </content>
        </script>
	    <ok to="end"/>
	</action>

	<end name="end"/>
</work-flow>
