<work-flow name="wf_parall_sum"  dir="/example" desc="">
        <start name="start" to="fork" />
        
        <fork name="fork">
             <path to="a1" />
             <path to="a2" />
             <path to="a3" />
             <path to="a4" />
             <path to="a5" />
             <path to="a6" />
             <path to="a7" />
             <path to="a8" />
             <path to="a9" />
        </fork> 
        <action name="a1">
            <script>
                <content>
                <![CDATA[
                    #!/usr/bin/perl
                    `mkdir -p tmp/${param:stadate}`;
                    open(FH, '>>', 'tmp/${param:stadate}/num.txt') or die;
                    my $i=0;
                    for(my $i=0;$i < 10; $i++){
                    sleep 2;
                    print FH $i."\n";
                    }
                    close FH;
                    print "a1写入成功\n";
                    ]]>
                </content>
            </script>
            <ok to="join_node"/>
        </action>
        <action name="a2">
            <script>
                <content>
                <![CDATA[
                    #!/usr/bin/perl
                    `mkdir -p tmp/${param:stadate}`;
                    open(FH, '>>', 'tmp/${param:stadate}/num.txt') or die;
                    my $i=0;
                    for(my $i=20;$i < 30; $i++){
                    sleep 2;
                    print FH $i."\n";
                    }
                    close FH;
                    print "a2写入成功\n";
                    ]]>
                </content>
            </script>
            <ok to="join_node"/>
        </action>
        <action name="a3">
            <script>
                <content>
                <![CDATA[
                    #!/usr/bin/perl
                    `mkdir -p tmp/${param:stadate}`;
                    open(FH, '>>', 'tmp/${param:stadate}/num.txt') or die;
                    my $i=0;
                    for(my $i=30;$i < 40; $i++){
                    sleep 2;
                    print FH $i."\n";
                    }
                    close FH;
                    print "a3写入成功\n";
                    ]]>
                </content>
            </script>
            <ok to="join_node"/>
        </action>
        <action name="a4">
            <script>
                <content>
                <![CDATA[
                    #!/usr/bin/perl
                    `mkdir -p tmp/${param:stadate}`;
                    open(FH, '>>', 'tmp/${param:stadate}/num.txt') or die;
                    my $i=0;
                    for(my $i=40;$i < 50; $i++){
                    sleep 2;
                    print FH $i."\n";
                    }
                    close FH;
                    print "a4写入成功\n";
                    ]]>
                </content>
            </script>
            <ok to="join_node"/>
        </action>
        <action name="a5">
            <script>
                <content>
                <![CDATA[
                    #!/usr/bin/perl
                    `mkdir -p tmp/${param:stadate}`;
                    open(FH, '>>', 'tmp/${param:stadate}/num.txt') or die;
                    my $i=0;
                    for(my $i=50;$i < 60; $i++){
                    sleep 2;
                    print FH $i."\n";
                    }
                    close FH;
                    print "a5写入成功\n";
                    ]]>
                </content>
            </script>
            <ok to="join_node"/>
        </action>
        <action name="a6">
            <script>
                <content>
                <![CDATA[
                    #!/usr/bin/perl
                    `mkdir -p tmp/${param:stadate}`;
                    open(FH, '>>', 'tmp/${param:stadate}/num.txt') or die;
                    my $i=0;
                    for(my $i=60;$i < 70; $i++){
                    sleep 2;
                    print FH $i."\n";
                    }
                    close FH;
                    print "a6写入成功\n";
                    ]]>
                </content>
            </script>
            <ok to="join_node"/>
        </action>
        <action name="a7">
            <script>
                <content>
                <![CDATA[
                    #!/usr/bin/perl
                    `mkdir -p tmp/${param:stadate}`;
                    open(FH, '>>', 'tmp/${param:stadate}/num.txt') or die;
                    my $i=0;
                    for(my $i=70;$i < 80; $i++){
                    sleep 2;
                    print FH $i."\n";
                    }
                    close FH;
                    print "a7写入成功\n";
                    ]]>
                </content>
            </script>
            <ok to="join_node"/>
        </action>
        <action name="a8">
            <script>
                <content>
                <![CDATA[
                    #!/usr/bin/perl
                    `mkdir -p tmp/${param:stadate}`;
                    open(FH, '>>', 'tmp/${param:stadate}/num.txt') or die;
                    my $i=0;
                    for(my $i=80;$i < 90; $i++){
                    sleep 2;
                    print FH $i."\n";
                    }
                    close FH;
                    print "a8写入成功\n";
                    ]]>
                </content>
            </script>
            <ok to="join_node"/>
        </action>
        <action name="a9">
            <script>
                <content>
                <![CDATA[
                    #!/usr/bin/perl
                    `mkdir -p tmp/${param:stadate}`;
                    open(FH, '>>', 'tmp/${param:stadate}/num.txt') or die;
                    my $i=0;
                    for(my $i=90;$i < 100; $i++){
                    sleep 2;
                    print FH $i."\n";
                    }
                    close FH;
                    print "a9写入成功\n";
                    ]]>
                </content>
            </script>
            <ok to="join_node"/>
        </action>
        <join name="join_node" to="a10"/>
        <action name="a10">
            <script>
                <content>
                <![CDATA[
                    cat tmp/${param:stadate}/num.txt | awk '{s += $1} END{print "a10算出来的总数是："s}'
                    ]]>
                </content>
            </script>
            <ok to="end"/>
        </action>
        <end name="end"/>
</work-flow>
