<?xml version="1.0" encoding="UTF-8"?>
<configuration>

    <appender name="STDOUT" class="ch.qos.logback.core.ConsoleAppender">
        <encoder class="ch.qos.logback.classic.encoder.PatternLayoutEncoder">
            <pattern>[%level][%date  -] %msg%n</pattern>
        </encoder>
    </appender>

    <appender name="FILE" class="ch.qos.logback.core.rolling.RollingFileAppender">
        <rollingPolicy class="ch.qos.logback.core.rolling.TimeBasedRollingPolicy">
            <FileNamePattern>logs/akka.%d{yyyy-MM-dd}.log</FileNamePattern>
        </rollingPolicy>
        <encoder class="ch.qos.logback.classic.encoder.PatternLayoutEncoder">
            <pattern>[%level][%date  -] %msg%n</pattern>
        </encoder>
    </appender>


    <root level="DEBUG">
        <appender-ref ref="STDOUT" />
         <appender-ref ref="FILE" />
    </root>
</configuration>